{"mel_mean": -4.776196479797363, "mel_std": 2.2280216217041016}